<?xml version="1.0" encoding="UTF-8"?>
<gmd:MD_Metadata xmlns:srv="http://www.isotc211.org/2005/srv"
                 xmlns:gco="http://www.isotc211.org/2005/gco"
                 xmlns:java="java:org.fao.geonet.util.XslUtil"
                 xmlns:fra="http://www.cnig.gouv.fr/2005/fra"
                 xmlns:xsi="http://www.w3.org/2001/XMLSchema-instance"
                 xmlns:geonet="http://www.fao.org/geonetwork"
                 xmlns:che="http://www.geocat.ch/2008/che"
                 xmlns:gmd="http://www.isotc211.org/2005/gmd">
   <gmd:fileIdentifier xmlns:gml="http://www.opengis.net/gml">
      <gco:CharacterString>7eeb5314-f988-4e70-be61-07bfafc10439</gco:CharacterString>
  </gmd:fileIdentifier>
   <gmd:language xmlns:comp="http://www.geocat.ch/2003/05/gateway/GM03Comprehensive"
                 xmlns:xalan="http://xml.apache.org/xalan"
                 xmlns:gml="http://www.opengis.net/gml">
      <gco:CharacterString>ger</gco:CharacterString>
  </gmd:language>
   <gmd:characterSet xmlns:comp="http://www.geocat.ch/2003/05/gateway/GM03Comprehensive"
                     xmlns:xalan="http://xml.apache.org/xalan"
                     xmlns:gml="http://www.opengis.net/gml">
      <gmd:MD_CharacterSetCode codeList="http://standards.iso.org/ittf/PubliclyAvailableStandards/ISO_19139_Schemas/resources/codelist/ML_gmxCodelists.xml#MD_CharacterSetCode"
                               codeListValue="utf8"/>
  </gmd:characterSet>
   <gmd:parentIdentifier xmlns:gml="http://www.opengis.net/gml">
      <gco:CharacterString>ad654fde-9b0d-4385-8a4a-b59f50a42e25</gco:CharacterString>
  </gmd:parentIdentifier>
   <gmd:hierarchyLevel xmlns:comp="http://www.geocat.ch/2003/05/gateway/GM03Comprehensive"
                       xmlns:xalan="http://xml.apache.org/xalan"
                       xmlns:gml="http://www.opengis.net/gml">
      <gmd:MD_ScopeCode codeList="http://standards.iso.org/ittf/PubliclyAvailableStandards/ISO_19139_Schemas/resources/codelist/ML_gmxCodelists.xml#MD_ScopeCode"
                        codeListValue="dataset"/>
  </gmd:hierarchyLevel>
   <gmd:contact xmlns:comp="http://www.geocat.ch/2003/05/gateway/GM03Comprehensive"
                xmlns:xalan="http://xml.apache.org/xalan"
                xmlns:xlink="http://www.w3.org/1999/xlink"
                xmlns:gml="http://www.opengis.net/gml">
      <gmd:CI_ResponsibleParty>
         <gmd:organisationName xsi:type="gmd:PT_FreeText_PropertyType">
            <gco:CharacterString>Bundesamt für Landestopografie</gco:CharacterString>
            <gmd:PT_FreeText>
               <gmd:textGroup>
                  <gmd:LocalisedCharacterString locale="#EN">Federal Office of Topography</gmd:LocalisedCharacterString>
               </gmd:textGroup>
               <gmd:textGroup>
                  <gmd:LocalisedCharacterString locale="#DE">Bundesamt für Landestopografie</gmd:LocalisedCharacterString>
               </gmd:textGroup>
               <gmd:textGroup>
                  <gmd:LocalisedCharacterString locale="#FR">Office fédéral de topographie</gmd:LocalisedCharacterString>
               </gmd:textGroup>
               <gmd:textGroup>
                  <gmd:LocalisedCharacterString locale="#IT">Ufficio federale di topografia</gmd:LocalisedCharacterString>
               </gmd:textGroup>
               <gmd:textGroup>
                  <gmd:LocalisedCharacterString locale="#RM">Bundesamt für Landestopografie</gmd:LocalisedCharacterString>
               </gmd:textGroup>
            </gmd:PT_FreeText>
         </gmd:organisationName>
         <gmd:positionName xsi:type="gmd:PT_FreeText_PropertyType">
            <gco:CharacterString>Metadaten</gco:CharacterString>
            <gmd:PT_FreeText>
               <gmd:textGroup>
                  <gmd:LocalisedCharacterString locale="#EN">Metadata contact</gmd:LocalisedCharacterString>
               </gmd:textGroup>
               <gmd:textGroup>
                  <gmd:LocalisedCharacterString locale="#DE">Metadaten</gmd:LocalisedCharacterString>
               </gmd:textGroup>
               <gmd:textGroup>
                  <gmd:LocalisedCharacterString locale="#FR">Métadonnées</gmd:LocalisedCharacterString>
               </gmd:textGroup>
               <gmd:textGroup>
                  <gmd:LocalisedCharacterString locale="#IT">Metadati</gmd:LocalisedCharacterString>
               </gmd:textGroup>
               <gmd:textGroup>
                  <gmd:LocalisedCharacterString locale="#RM">Metadaten</gmd:LocalisedCharacterString>
               </gmd:textGroup>
            </gmd:PT_FreeText>
         </gmd:positionName>
         <gmd:contactInfo>
            <gmd:CI_Contact>
               <gmd:phone>
                  <gmd:CI_Telephone>
                     <gmd:voice>
                        <gco:CharacterString>+41 58 469 01 11</gco:CharacterString>
                     </gmd:voice>
                     <gmd:facsimile>
                        <gco:CharacterString>+41 58 469 04 59</gco:CharacterString>
                     </gmd:facsimile>
                  </gmd:CI_Telephone>
               </gmd:phone>
               <gmd:address>
                  <gmd:CI_Address>
                     <gmd:city>
                        <gco:CharacterString>Wabern</gco:CharacterString>
                     </gmd:city>
                     <gmd:postalCode>
                        <gco:CharacterString>3084</gco:CharacterString>
                     </gmd:postalCode>
                     <gmd:country>
                        <gco:CharacterString>CH</gco:CharacterString>
                     </gmd:country>
                     <gmd:electronicMailAddress>
                        <gco:CharacterString>metadata@swisstopo.ch</gco:CharacterString>
                     </gmd:electronicMailAddress>
                  </gmd:CI_Address>
               </gmd:address>
               <gmd:onlineResource>
                  <gmd:CI_OnlineResource>
                     <gmd:linkage>
                        <gmd:URL>http://www.swisstopo.admin.ch</gmd:URL>
                     </gmd:linkage>
                     <gmd:protocol>
                        <gco:CharacterString>text/html</gco:CharacterString>
                     </gmd:protocol>
                  </gmd:CI_OnlineResource>
               </gmd:onlineResource>
               <gmd:hoursOfService>
                  <gco:CharacterString>08h30 - 11h00 / 14h00 - 16h00 GMT+1</gco:CharacterString>
               </gmd:hoursOfService>
            </gmd:CI_Contact>
         </gmd:contactInfo>
         <gmd:role>
            <gmd:CI_RoleCode codeList="http://www.isotc211.org/2005/resources/codeList.xml#CI_RoleCode"
                             codeListValue="pointOfContact"/>
         </gmd:role>
      </gmd:CI_ResponsibleParty>
   </gmd:contact>
   <gmd:dateStamp xmlns:comp="http://www.geocat.ch/2003/05/gateway/GM03Comprehensive"
                  xmlns:xalan="http://xml.apache.org/xalan"
                  xmlns:gml="http://www.opengis.net/gml">
      <gco:DateTime>2016-01-06T09:55:46</gco:DateTime>
  </gmd:dateStamp>
   <gmd:metadataStandardName xmlns:comp="http://www.geocat.ch/2003/05/gateway/GM03Comprehensive"
                             xmlns:xalan="http://xml.apache.org/xalan"
                             xmlns:gml="http://www.opengis.net/gml">
      <gco:CharacterString>GM03 2+</gco:CharacterString>
  </gmd:metadataStandardName>
   <gmd:dataSetURI xmlns:comp="http://www.geocat.ch/2003/05/gateway/GM03Comprehensive"
                   xmlns:xalan="http://xml.apache.org/xalan"
                   xmlns:gml="http://www.opengis.net/gml">
      <gco:CharacterString>http://www.swisstopo.admin.ch/internet/swisstopo/de/home/products/height/dhm25.html</gco:CharacterString>
  </gmd:dataSetURI>
   <gmd:locale xmlns:comp="http://www.geocat.ch/2003/05/gateway/GM03Comprehensive"
               xmlns:xalan="http://xml.apache.org/xalan"
               xmlns:gml="http://www.opengis.net/gml">
      <gmd:PT_Locale id="DE">
         <gmd:languageCode>
            <gmd:LanguageCode codeList="http://www.loc.gov/standards/iso639-2/" codeListValue="ger"/>
         </gmd:languageCode>
         <gmd:characterEncoding>
            <gmd:MD_CharacterSetCode codeList="http://standards.iso.org/ittf/PubliclyAvailableStandards/ISO_19139_Schemas/resources/codelist/ML_gmxCodelists.xml#MD_CharacterSetCode"
                                     codeListValue="utf8"/>
         </gmd:characterEncoding>
      </gmd:PT_Locale>
  </gmd:locale>
   <gmd:locale xmlns:comp="http://www.geocat.ch/2003/05/gateway/GM03Comprehensive"
               xmlns:xalan="http://xml.apache.org/xalan"
               xmlns:gml="http://www.opengis.net/gml">
      <gmd:PT_Locale id="FR">
         <gmd:languageCode>
            <gmd:LanguageCode codeList="http://www.loc.gov/standards/iso639-2/" codeListValue="fre"/>
         </gmd:languageCode>
         <gmd:characterEncoding>
            <gmd:MD_CharacterSetCode codeList="http://standards.iso.org/ittf/PubliclyAvailableStandards/ISO_19139_Schemas/resources/codelist/ML_gmxCodelists.xml#MD_CharacterSetCode"
                                     codeListValue="utf8"/>
         </gmd:characterEncoding>
      </gmd:PT_Locale>
  </gmd:locale>
   <gmd:locale xmlns:comp="http://www.geocat.ch/2003/05/gateway/GM03Comprehensive"
               xmlns:xalan="http://xml.apache.org/xalan"
               xmlns:gml="http://www.opengis.net/gml">
      <gmd:PT_Locale id="IT">
         <gmd:languageCode>
            <gmd:LanguageCode codeList="http://www.loc.gov/standards/iso639-2/" codeListValue="ita"/>
         </gmd:languageCode>
         <gmd:characterEncoding>
            <gmd:MD_CharacterSetCode codeList="http://standards.iso.org/ittf/PubliclyAvailableStandards/ISO_19139_Schemas/resources/codelist/ML_gmxCodelists.xml#MD_CharacterSetCode"
                                     codeListValue="utf8"/>
         </gmd:characterEncoding>
      </gmd:PT_Locale>
  </gmd:locale>
   <gmd:locale xmlns:comp="http://www.geocat.ch/2003/05/gateway/GM03Comprehensive"
               xmlns:xalan="http://xml.apache.org/xalan"
               xmlns:gml="http://www.opengis.net/gml">
      <gmd:PT_Locale id="EN">
         <gmd:languageCode>
            <gmd:LanguageCode codeList="http://www.loc.gov/standards/iso639-2/" codeListValue="eng"/>
         </gmd:languageCode>
         <gmd:characterEncoding>
            <gmd:MD_CharacterSetCode codeList="http://standards.iso.org/ittf/PubliclyAvailableStandards/ISO_19139_Schemas/resources/codelist/ML_gmxCodelists.xml#MD_CharacterSetCode"
                                     codeListValue="utf8"/>
         </gmd:characterEncoding>
      </gmd:PT_Locale>
  </gmd:locale>
   <gmd:referenceSystemInfo xmlns:comp="http://www.geocat.ch/2003/05/gateway/GM03Comprehensive"
                            xmlns:xalan="http://xml.apache.org/xalan"
                            xmlns:gml="http://www.opengis.net/gml">
      <gmd:MD_ReferenceSystem>
         <gmd:referenceSystemIdentifier>
            <gmd:RS_Identifier>
               <gmd:code xsi:type="gmd:PT_FreeText_PropertyType">
                  <gco:CharacterString>EPSG:21781</gco:CharacterString>
                  <gmd:PT_FreeText>
                     <gmd:textGroup>
                        <gmd:LocalisedCharacterString locale="#FR">EPSG:21781</gmd:LocalisedCharacterString>
                     </gmd:textGroup>
                     <gmd:textGroup>
                        <gmd:LocalisedCharacterString locale="#DE">EPSG:21781</gmd:LocalisedCharacterString>
                     </gmd:textGroup>
                     <gmd:textGroup>
                        <gmd:LocalisedCharacterString locale="#EN">EPSG:21781</gmd:LocalisedCharacterString>
                     </gmd:textGroup>
                     <gmd:textGroup>
                        <gmd:LocalisedCharacterString locale="#IT">EPSG:21781</gmd:LocalisedCharacterString>
                     </gmd:textGroup>
                  </gmd:PT_FreeText>
               </gmd:code>
            </gmd:RS_Identifier>
         </gmd:referenceSystemIdentifier>
      </gmd:MD_ReferenceSystem>
  </gmd:referenceSystemInfo>
   <gmd:referenceSystemInfo xmlns:gml="http://www.opengis.net/gml">
      <gmd:MD_ReferenceSystem>
         <gmd:referenceSystemIdentifier>
            <gmd:RS_Identifier>
               <gmd:code xsi:type="gmd:PT_FreeText_PropertyType">
                  <gco:CharacterString>EPSG:5728</gco:CharacterString>
                  <gmd:PT_FreeText>
                     <gmd:textGroup>
                        <gmd:LocalisedCharacterString locale="#DE">EPSG:5728</gmd:LocalisedCharacterString>
                     </gmd:textGroup>
                     <gmd:textGroup>
                        <gmd:LocalisedCharacterString locale="#EN">EPSG:5728</gmd:LocalisedCharacterString>
                     </gmd:textGroup>
                     <gmd:textGroup>
                        <gmd:LocalisedCharacterString locale="#IT">EPSG:5728</gmd:LocalisedCharacterString>
                     </gmd:textGroup>
                     <gmd:textGroup>
                        <gmd:LocalisedCharacterString locale="#FR">EPSG:5728</gmd:LocalisedCharacterString>
                     </gmd:textGroup>
                  </gmd:PT_FreeText>
               </gmd:code>
            </gmd:RS_Identifier>
         </gmd:referenceSystemIdentifier>
      </gmd:MD_ReferenceSystem>
  </gmd:referenceSystemInfo>
   <gmd:identificationInfo xmlns:comp="http://www.geocat.ch/2003/05/gateway/GM03Comprehensive"
                           xmlns:xalan="http://xml.apache.org/xalan"
                           xmlns:gml="http://www.opengis.net/gml">
      <gmd:MD_DataIdentification>
         <gmd:citation>
            <gmd:CI_Citation>
               <gmd:title xsi:type="gmd:PT_FreeText_PropertyType">
                  <gco:CharacterString>Das digitale Höhenmodell der Schweiz mit einer Maschenweite von 200 m</gco:CharacterString>
                  <gmd:PT_FreeText>
                     <gmd:textGroup>
                        <gmd:LocalisedCharacterString locale="#DE">Das digitale Höhenmodell der Schweiz mit einer Maschenweite von 200 m</gmd:LocalisedCharacterString>
                     </gmd:textGroup>
                     <gmd:textGroup>
                        <gmd:LocalisedCharacterString locale="#FR">Le modéle numérique de terrain de la Suisse avec une maille de 200m</gmd:LocalisedCharacterString>
                     </gmd:textGroup>
                     <gmd:textGroup>
                        <gmd:LocalisedCharacterString locale="#EN">The digital height model of Switzerland with a 200m grid</gmd:LocalisedCharacterString>
                     </gmd:textGroup>
                     <gmd:textGroup>
                        <gmd:LocalisedCharacterString locale="#IT">Il modello altitudinale della Svizzera con una maglia di 200m</gmd:LocalisedCharacterString>
                     </gmd:textGroup>
                  </gmd:PT_FreeText>
               </gmd:title>
               <gmd:alternateTitle xsi:type="gmd:PT_FreeText_PropertyType">
                  <gco:CharacterString>DHM25 / 200</gco:CharacterString>
                  <gmd:PT_FreeText>
                     <gmd:textGroup>
                        <gmd:LocalisedCharacterString locale="#DE">DHM25 / 200</gmd:LocalisedCharacterString>
                     </gmd:textGroup>
                     <gmd:textGroup>
                        <gmd:LocalisedCharacterString locale="#FR">MNT25 / 200</gmd:LocalisedCharacterString>
                     </gmd:textGroup>
                     <gmd:textGroup>
                        <gmd:LocalisedCharacterString locale="#IT">MDT25 / 200</gmd:LocalisedCharacterString>
                     </gmd:textGroup>
                     <gmd:textGroup>
                        <gmd:LocalisedCharacterString locale="#EN">DHM25 / 200</gmd:LocalisedCharacterString>
                     </gmd:textGroup>
                  </gmd:PT_FreeText>
               </gmd:alternateTitle>
               <gmd:date>
                  <gmd:CI_Date>
                     <gmd:date>
                        <gco:Date>2010-01-01</gco:Date>
                     </gmd:date>
                     <gmd:dateType>
                        <gmd:CI_DateTypeCode codeList="http://standards.iso.org/ittf/PubliclyAvailableStandards/ISO_19139_Schemas/resources/codelist/ML_gmxCodelists.xml#CI_DateTypeCode"
                                             codeListValue="publication"/>
                     </gmd:dateType>
                  </gmd:CI_Date>
               </gmd:date>
               <gmd:identifier>
                  <gmd:MD_Identifier>
                     <gmd:code>
                        <gco:CharacterString>41.3</gco:CharacterString>
                     </gmd:code>
                  </gmd:MD_Identifier>
               </gmd:identifier>
            </gmd:CI_Citation>
         </gmd:citation>
         <gmd:abstract xsi:type="gmd:PT_FreeText_PropertyType">
            <gco:CharacterString>Das digitale Höhenmodell DHM25 / 200 ist ein Datensatz, welcher die dreidimensionale Form der Erdoberfläche beschreibt. Es handelt sich um eine Höhenmatrix mit einer Maschenweite von 200 m. Er wurde aus dem Matrixmodell DHM25, welches eine Maschenweite von 25m hat, abgeleitet. Das DHM25 / 200 gibt die Form der rohen Erdoberfläche ohne Bewuchs und Bebauung wieder. Seen werden mit der Seeoberfläche dargestellt. DHM25 / 200 kann gratis heruntergeladen werden.</gco:CharacterString>
            <gmd:PT_FreeText>
               <gmd:textGroup>
                  <gmd:LocalisedCharacterString locale="#DE">Das digitale Höhenmodell DHM25 / 200 ist ein Datensatz, welcher die dreidimensionale Form der Erdoberfläche beschreibt. Es handelt sich um eine Höhenmatrix mit einer Maschenweite von 200 m. Er wurde aus dem Matrixmodell DHM25, welches eine Maschenweite von 25m hat, abgeleitet. Das DHM25 / 200 gibt die Form der rohen Erdoberfläche ohne Bewuchs und Bebauung wieder. Seen werden mit der Seeoberfläche dargestellt. DHM25 / 200 kann gratis heruntergeladen werden.</gmd:LocalisedCharacterString>
               </gmd:textGroup>
               <gmd:textGroup>
                  <gmd:LocalisedCharacterString locale="#FR">Le modèle numérique du terrain MNT25 / 200 est un jeu de données qui décrit la surface terrestre en trois dimensions. Il se présente sous la forme d’une matrice d'altitude avec une maille de 200 m. Il a été obtenu par un rééchantillonage du modèle matricielle MNT25 qui a une maille de 25m. Le MNT25 / 200 fournit les formes brutes de la surface terrestre, sans végétation ni construction. es lacs sont représentés par l'altitude de leur surface. MNT25 / 200 peut être téléchargé gratuitement.</gmd:LocalisedCharacterString>
               </gmd:textGroup>
               <gmd:textGroup>
                  <gmd:LocalisedCharacterString locale="#EN">The digital height model DHM25 / 200 is a data set representing the three-dimensional form of the earth's surface. It is a height matrix with a 200-m grid. It has been resampled from the DHM25 matrix model, which has a 25-m grid. he DHM25 represents the topography of the earth's surface without vegetation or built up areas. Lakes are represented by their surface. DHM25 / 200 can be freely downloaded.</gmd:LocalisedCharacterString>
               </gmd:textGroup>
               <gmd:textGroup>
                  <gmd:LocalisedCharacterString locale="#IT">Il modello altimetrico MDT25 / 200m é un set di dati che descrive la superficie terrestre in tre dimensioni. Si tratta di una matrice altitudinale con una maglia di 200m. Il modello a matrice è stato sviluppato mediante un ridimensionamento del modello a matrice MDT25 che ha una maglia di 25 m.L’MDT25 / 200m presenta le forme grezze della superficie terreste, senza vegetazione né costruzioni.I laghi sono rappresentati dall’altitudine della loro superficie. MDT25 / 200 può essere scaricato gratuitamente.</gmd:LocalisedCharacterString>
               </gmd:textGroup>
            </gmd:PT_FreeText>
         </gmd:abstract>
         <gmd:status>
            <gmd:MD_ProgressCode codeList="http://standards.iso.org/ittf/PubliclyAvailableStandards/ISO_19139_Schemas/resources/codelist/ML_gmxCodelists.xml#MD_ProgressCode"
                                 codeListValue="completed"/>
         </gmd:status>
         <gmd:pointOfContact xmlns:xlink="http://www.w3.org/1999/xlink">
            <gmd:CI_ResponsibleParty>
               <gmd:organisationName xsi:type="gmd:PT_FreeText_PropertyType">
                  <gco:CharacterString>Bundesamt für Landestopografie</gco:CharacterString>
                  <gmd:PT_FreeText>
                     <gmd:textGroup>
                        <gmd:LocalisedCharacterString locale="#EN">Federal Office of Topography</gmd:LocalisedCharacterString>
                     </gmd:textGroup>
                     <gmd:textGroup>
                        <gmd:LocalisedCharacterString locale="#DE">Bundesamt für Landestopografie</gmd:LocalisedCharacterString>
                     </gmd:textGroup>
                     <gmd:textGroup>
                        <gmd:LocalisedCharacterString locale="#FR">Office fédéral de topographie</gmd:LocalisedCharacterString>
                     </gmd:textGroup>
                     <gmd:textGroup>
                        <gmd:LocalisedCharacterString locale="#IT">Ufficio federale di topografia</gmd:LocalisedCharacterString>
                     </gmd:textGroup>
                     <gmd:textGroup>
                        <gmd:LocalisedCharacterString locale="#RM">Bundesamt für Landestopografie</gmd:LocalisedCharacterString>
                     </gmd:textGroup>
                  </gmd:PT_FreeText>
               </gmd:organisationName>
               <gmd:positionName xsi:type="gmd:PT_FreeText_PropertyType">
                  <gco:CharacterString>Geodatenabgabe</gco:CharacterString>
                  <gmd:PT_FreeText>
                     <gmd:textGroup>
                        <gmd:LocalisedCharacterString locale="#EN">Geodata Distribution</gmd:LocalisedCharacterString>
                     </gmd:textGroup>
                     <gmd:textGroup>
                        <gmd:LocalisedCharacterString locale="#DE">Geodatenabgabe</gmd:LocalisedCharacterString>
                     </gmd:textGroup>
                     <gmd:textGroup>
                        <gmd:LocalisedCharacterString locale="#FR">Distribution des géodonnées</gmd:LocalisedCharacterString>
                     </gmd:textGroup>
                     <gmd:textGroup>
                        <gmd:LocalisedCharacterString locale="#IT">Distribuzione di geodati</gmd:LocalisedCharacterString>
                     </gmd:textGroup>
                     <gmd:textGroup>
                        <gmd:LocalisedCharacterString locale="#RM">Geodatenabgabe</gmd:LocalisedCharacterString>
                     </gmd:textGroup>
                  </gmd:PT_FreeText>
               </gmd:positionName>
               <gmd:contactInfo>
                  <gmd:CI_Contact>
                     <gmd:phone>
                        <gmd:CI_Telephone>
                           <gmd:voice>
                              <gco:CharacterString>+41 58 469 01 11</gco:CharacterString>
                           </gmd:voice>
                           <gmd:facsimile>
                              <gco:CharacterString>+41 58 469 04 59</gco:CharacterString>
                           </gmd:facsimile>
                        </gmd:CI_Telephone>
                     </gmd:phone>
                     <gmd:address>
                        <gmd:CI_Address>
                           <gmd:city>
                              <gco:CharacterString>Wabern</gco:CharacterString>
                           </gmd:city>
                           <gmd:postalCode>
                              <gco:CharacterString>3084</gco:CharacterString>
                           </gmd:postalCode>
                           <gmd:country>
                              <gco:CharacterString>CH</gco:CharacterString>
                           </gmd:country>
                           <gmd:electronicMailAddress>
                              <gco:CharacterString>geodata@swisstopo.ch</gco:CharacterString>
                           </gmd:electronicMailAddress>
                        </gmd:CI_Address>
                     </gmd:address>
                     <gmd:onlineResource>
                        <gmd:CI_OnlineResource>
                           <gmd:linkage>
                              <gmd:URL>http://www.swisstopo.ch</gmd:URL>
                           </gmd:linkage>
                           <gmd:protocol>
                              <gco:CharacterString>text/html</gco:CharacterString>
                           </gmd:protocol>
                        </gmd:CI_OnlineResource>
                     </gmd:onlineResource>
                  </gmd:CI_Contact>
               </gmd:contactInfo>
               <gmd:role>
                  <gmd:CI_RoleCode codeList="http://www.isotc211.org/2005/resources/codeList.xml#CI_RoleCode"
                                   codeListValue="pointOfContact"/>
               </gmd:role>
            </gmd:CI_ResponsibleParty>
         </gmd:pointOfContact>
         <gmd:resourceMaintenance>
            <gmd:MD_MaintenanceInformation>
               <gmd:maintenanceAndUpdateFrequency>
                  <gmd:MD_MaintenanceFrequencyCode codeList="http://standards.iso.org/ittf/PubliclyAvailableStandards/ISO_19139_Schemas/resources/codelist/ML_gmxCodelists.xml#MD_MaintenanceFrequencyCode"
                                                   codeListValue="notPlanned"/>
               </gmd:maintenanceAndUpdateFrequency>
               <gmd:maintenanceNote xsi:type="gmd:PT_FreeText_PropertyType">
                  <gco:CharacterString>Der Nachführungsstand der Elemente des Basismodells entspricht demjenigen der Ersterfassung, mit Ausnahme der Gletschergebiete, welche gemäss dem im Winter 2000/2001 verfügbaren Kartenstand nachgeführt sind.</gco:CharacterString>
                  <gmd:PT_FreeText>
                     <gmd:textGroup>
                        <gmd:LocalisedCharacterString locale="#DE">Der Nachführungsstand der Elemente des Basismodells entspricht demjenigen der Ersterfassung, mit Ausnahme der Gletschergebiete, welche gemäss dem im Winter 2000/2001 verfügbaren Kartenstand nachgeführt sind.</gmd:LocalisedCharacterString>
                     </gmd:textGroup>
                     <gmd:textGroup>
                        <gmd:LocalisedCharacterString locale="#EN">The status of the DHM25 corresponds to that of the initial capture and digitization of the elements for the basis model except for glacial regions, which were updated in winter 2000/2001.</gmd:LocalisedCharacterString>
                     </gmd:textGroup>
                     <gmd:textGroup>
                        <gmd:LocalisedCharacterString locale="#FR">L’état de mise à jour des éléments du modèle de base correspond à celui de la saisie initiale, exception faite des régions des glaciers qui ont été mises à jour sur la base des cartes disponibles en hiver 2000/⁄2001.</gmd:LocalisedCharacterString>
                     </gmd:textGroup>
                  </gmd:PT_FreeText>
               </gmd:maintenanceNote>
            </gmd:MD_MaintenanceInformation>
         </gmd:resourceMaintenance>
         <gmd:graphicOverview>
            <gmd:MD_BrowseGraphic>
               <gmd:fileName>
                  <gco:CharacterString>http://www.swisstopo.admin.ch/internet/swisstopo/de/home/products/height.parsys.000100.Image.gif</gco:CharacterString>
               </gmd:fileName>
               <gmd:fileDescription xsi:type="gmd:PT_FreeText_PropertyType">
                  <gco:CharacterString>DHM25 Matrixmodell - 3D Visualisierung</gco:CharacterString>
                  <gmd:PT_FreeText>
                     <gmd:textGroup>
                        <gmd:LocalisedCharacterString locale="#DE">DHM25 Matrixmodell - 3D Visualisierung</gmd:LocalisedCharacterString>
                     </gmd:textGroup>
                     <gmd:textGroup>
                        <gmd:LocalisedCharacterString locale="#FR">MNT25 modèle matricielle - visualisation 3D</gmd:LocalisedCharacterString>
                     </gmd:textGroup>
                     <gmd:textGroup>
                        <gmd:LocalisedCharacterString locale="#EN">DHM25 matrix model - 3D visualisation</gmd:LocalisedCharacterString>
                     </gmd:textGroup>
                  </gmd:PT_FreeText>
               </gmd:fileDescription>
            </gmd:MD_BrowseGraphic>
         </gmd:graphicOverview>
         <gmd:descriptiveKeywords xmlns:xlink="http://www.w3.org/1999/xlink">
            <gmd:MD_Keywords>
               <gmd:keyword xsi:type="gmd:PT_FreeText_PropertyType">
                  <gco:CharacterString>Isophyse</gco:CharacterString>
                  <gmd:PT_FreeText>
                     <gmd:textGroup>
                        <gmd:LocalisedCharacterString locale="#EN">Isophysis</gmd:LocalisedCharacterString>
                     </gmd:textGroup>
                     <gmd:textGroup>
                        <gmd:LocalisedCharacterString locale="#DE">Isophyse</gmd:LocalisedCharacterString>
                     </gmd:textGroup>
                     <gmd:textGroup>
                        <gmd:LocalisedCharacterString locale="#IT">Isofise</gmd:LocalisedCharacterString>
                     </gmd:textGroup>
                     <gmd:textGroup>
                        <gmd:LocalisedCharacterString locale="#FR">Isophyse</gmd:LocalisedCharacterString>
                     </gmd:textGroup>
                     <gmd:textGroup>
                        <gmd:LocalisedCharacterString locale="#RM"/>
                     </gmd:textGroup>
                  </gmd:PT_FreeText>
               </gmd:keyword>
               <gmd:keyword xsi:type="gmd:PT_FreeText_PropertyType">
                  <gco:CharacterString>Geländedarstellung</gco:CharacterString>
                  <gmd:PT_FreeText>
                     <gmd:textGroup>
                        <gmd:LocalisedCharacterString locale="#EN">Terrain representation</gmd:LocalisedCharacterString>
                     </gmd:textGroup>
                     <gmd:textGroup>
                        <gmd:LocalisedCharacterString locale="#DE">Geländedarstellung</gmd:LocalisedCharacterString>
                     </gmd:textGroup>
                     <gmd:textGroup>
                        <gmd:LocalisedCharacterString locale="#IT">rappresentazione dell terreno</gmd:LocalisedCharacterString>
                     </gmd:textGroup>
                     <gmd:textGroup>
                        <gmd:LocalisedCharacterString locale="#FR">Représentation du terrain</gmd:LocalisedCharacterString>
                     </gmd:textGroup>
                     <gmd:textGroup>
                        <gmd:LocalisedCharacterString locale="#RM"/>
                     </gmd:textGroup>
                  </gmd:PT_FreeText>
               </gmd:keyword>
               <gmd:keyword xsi:type="gmd:PT_FreeText_PropertyType">
                  <gco:CharacterString>Geodaten</gco:CharacterString>
                  <gmd:PT_FreeText>
                     <gmd:textGroup>
                        <gmd:LocalisedCharacterString locale="#EN">Geodata</gmd:LocalisedCharacterString>
                     </gmd:textGroup>
                     <gmd:textGroup>
                        <gmd:LocalisedCharacterString locale="#DE">Geodaten</gmd:LocalisedCharacterString>
                     </gmd:textGroup>
                     <gmd:textGroup>
                        <gmd:LocalisedCharacterString locale="#IT">Geodati</gmd:LocalisedCharacterString>
                     </gmd:textGroup>
                     <gmd:textGroup>
                        <gmd:LocalisedCharacterString locale="#FR">Géodonnées</gmd:LocalisedCharacterString>
                     </gmd:textGroup>
                     <gmd:textGroup>
                        <gmd:LocalisedCharacterString locale="#RM"/>
                     </gmd:textGroup>
                  </gmd:PT_FreeText>
               </gmd:keyword>
               <gmd:keyword xsi:type="gmd:PT_FreeText_PropertyType">
                  <gco:CharacterString>Digitales Terrainmodell DTM, Geländemodell DGM</gco:CharacterString>
                  <gmd:PT_FreeText>
                     <gmd:textGroup>
                        <gmd:LocalisedCharacterString locale="#EN">Digital terrain model DTM</gmd:LocalisedCharacterString>
                     </gmd:textGroup>
                     <gmd:textGroup>
                        <gmd:LocalisedCharacterString locale="#DE">Digitales Terrainmodell DTM, Geländemodell DGM</gmd:LocalisedCharacterString>
                     </gmd:textGroup>
                     <gmd:textGroup>
                        <gmd:LocalisedCharacterString locale="#IT">modello digitale del terreno DTM</gmd:LocalisedCharacterString>
                     </gmd:textGroup>
                     <gmd:textGroup>
                        <gmd:LocalisedCharacterString locale="#FR">Modèle numérique de terrain MNT</gmd:LocalisedCharacterString>
                     </gmd:textGroup>
                     <gmd:textGroup>
                        <gmd:LocalisedCharacterString locale="#RM"/>
                     </gmd:textGroup>
                  </gmd:PT_FreeText>
               </gmd:keyword>
               <gmd:keyword xsi:type="gmd:PT_FreeText_PropertyType">
                  <gco:CharacterString>Schummerung</gco:CharacterString>
                  <gmd:PT_FreeText>
                     <gmd:textGroup>
                        <gmd:LocalisedCharacterString locale="#EN">Hillshading</gmd:LocalisedCharacterString>
                     </gmd:textGroup>
                     <gmd:textGroup>
                        <gmd:LocalisedCharacterString locale="#DE">Schummerung</gmd:LocalisedCharacterString>
                     </gmd:textGroup>
                     <gmd:textGroup>
                        <gmd:LocalisedCharacterString locale="#IT">Ombreggiatura</gmd:LocalisedCharacterString>
                     </gmd:textGroup>
                     <gmd:textGroup>
                        <gmd:LocalisedCharacterString locale="#FR">Ombrage</gmd:LocalisedCharacterString>
                     </gmd:textGroup>
                     <gmd:textGroup>
                        <gmd:LocalisedCharacterString locale="#RM"/>
                     </gmd:textGroup>
                  </gmd:PT_FreeText>
               </gmd:keyword>
               <gmd:keyword xsi:type="gmd:PT_FreeText_PropertyType">
                  <gco:CharacterString>(GIS) Geografisches InformationSystem)</gco:CharacterString>
                  <gmd:PT_FreeText>
                     <gmd:textGroup>
                        <gmd:LocalisedCharacterString locale="#EN">GIS (Geographic Information Systems)</gmd:LocalisedCharacterString>
                     </gmd:textGroup>
                     <gmd:textGroup>
                        <gmd:LocalisedCharacterString locale="#DE">(GIS) Geografisches InformationSystem)</gmd:LocalisedCharacterString>
                     </gmd:textGroup>
                     <gmd:textGroup>
                        <gmd:LocalisedCharacterString locale="#IT">GIS</gmd:LocalisedCharacterString>
                     </gmd:textGroup>
                     <gmd:textGroup>
                        <gmd:LocalisedCharacterString locale="#FR">SIG (Système d'Information Géographique)</gmd:LocalisedCharacterString>
                     </gmd:textGroup>
                     <gmd:textGroup>
                        <gmd:LocalisedCharacterString locale="#RM"/>
                     </gmd:textGroup>
                  </gmd:PT_FreeText>
               </gmd:keyword>
               <gmd:keyword xsi:type="gmd:PT_FreeText_PropertyType">
                  <gco:CharacterString>Digitales Höhenmodell DHM</gco:CharacterString>
                  <gmd:PT_FreeText>
                     <gmd:textGroup>
                        <gmd:LocalisedCharacterString locale="#EN">Digital elevation model DEM</gmd:LocalisedCharacterString>
                     </gmd:textGroup>
                     <gmd:textGroup>
                        <gmd:LocalisedCharacterString locale="#DE">Digitales Höhenmodell DHM</gmd:LocalisedCharacterString>
                     </gmd:textGroup>
                     <gmd:textGroup>
                        <gmd:LocalisedCharacterString locale="#IT">Modello digitale di elevazione DEM</gmd:LocalisedCharacterString>
                     </gmd:textGroup>
                     <gmd:textGroup>
                        <gmd:LocalisedCharacterString locale="#FR">Modèle numérique d'altitude MNA</gmd:LocalisedCharacterString>
                     </gmd:textGroup>
                     <gmd:textGroup>
                        <gmd:LocalisedCharacterString locale="#RM"/>
                     </gmd:textGroup>
                  </gmd:PT_FreeText>
               </gmd:keyword>
               <gmd:keyword xsi:type="gmd:PT_FreeText_PropertyType">
                  <gco:CharacterString>3D Visualisierung</gco:CharacterString>
                  <gmd:PT_FreeText>
                     <gmd:textGroup>
                        <gmd:LocalisedCharacterString locale="#EN">3D visualisation</gmd:LocalisedCharacterString>
                     </gmd:textGroup>
                     <gmd:textGroup>
                        <gmd:LocalisedCharacterString locale="#DE">3D Visualisierung</gmd:LocalisedCharacterString>
                     </gmd:textGroup>
                     <gmd:textGroup>
                        <gmd:LocalisedCharacterString locale="#IT">visualizzazione 3D</gmd:LocalisedCharacterString>
                     </gmd:textGroup>
                     <gmd:textGroup>
                        <gmd:LocalisedCharacterString locale="#FR">Visualisation 3D</gmd:LocalisedCharacterString>
                     </gmd:textGroup>
                     <gmd:textGroup>
                        <gmd:LocalisedCharacterString locale="#RM"/>
                     </gmd:textGroup>
                  </gmd:PT_FreeText>
               </gmd:keyword>
               <gmd:keyword xsi:type="gmd:PT_FreeText_PropertyType">
                  <gco:CharacterString>Topografie</gco:CharacterString>
                  <gmd:PT_FreeText>
                     <gmd:textGroup>
                        <gmd:LocalisedCharacterString locale="#EN">Topography</gmd:LocalisedCharacterString>
                     </gmd:textGroup>
                     <gmd:textGroup>
                        <gmd:LocalisedCharacterString locale="#DE">Topografie</gmd:LocalisedCharacterString>
                     </gmd:textGroup>
                     <gmd:textGroup>
                        <gmd:LocalisedCharacterString locale="#IT">Topografia</gmd:LocalisedCharacterString>
                     </gmd:textGroup>
                     <gmd:textGroup>
                        <gmd:LocalisedCharacterString locale="#FR">Topographie</gmd:LocalisedCharacterString>
                     </gmd:textGroup>
                     <gmd:textGroup>
                        <gmd:LocalisedCharacterString locale="#RM"/>
                     </gmd:textGroup>
                  </gmd:PT_FreeText>
               </gmd:keyword>
               <gmd:keyword xsi:type="gmd:PT_FreeText_PropertyType">
                  <gco:CharacterString>Höhenkote</gco:CharacterString>
                  <gmd:PT_FreeText>
                     <gmd:textGroup>
                        <gmd:LocalisedCharacterString locale="#EN">Spot height</gmd:LocalisedCharacterString>
                     </gmd:textGroup>
                     <gmd:textGroup>
                        <gmd:LocalisedCharacterString locale="#DE">Höhenkote</gmd:LocalisedCharacterString>
                     </gmd:textGroup>
                     <gmd:textGroup>
                        <gmd:LocalisedCharacterString locale="#IT">quota altimetrica</gmd:LocalisedCharacterString>
                     </gmd:textGroup>
                     <gmd:textGroup>
                        <gmd:LocalisedCharacterString locale="#FR">Cote d'altitude</gmd:LocalisedCharacterString>
                     </gmd:textGroup>
                     <gmd:textGroup>
                        <gmd:LocalisedCharacterString locale="#RM"/>
                     </gmd:textGroup>
                  </gmd:PT_FreeText>
               </gmd:keyword>
               <gmd:keyword xsi:type="gmd:PT_FreeText_PropertyType">
                  <gco:CharacterString>Höhenkurve, Höhenlinie</gco:CharacterString>
                  <gmd:PT_FreeText>
                     <gmd:textGroup>
                        <gmd:LocalisedCharacterString locale="#EN">Countour line</gmd:LocalisedCharacterString>
                     </gmd:textGroup>
                     <gmd:textGroup>
                        <gmd:LocalisedCharacterString locale="#DE">Höhenkurve, Höhenlinie</gmd:LocalisedCharacterString>
                     </gmd:textGroup>
                     <gmd:textGroup>
                        <gmd:LocalisedCharacterString locale="#IT">Curva di livello</gmd:LocalisedCharacterString>
                     </gmd:textGroup>
                     <gmd:textGroup>
                        <gmd:LocalisedCharacterString locale="#FR">Courbe de niveau</gmd:LocalisedCharacterString>
                     </gmd:textGroup>
                     <gmd:textGroup>
                        <gmd:LocalisedCharacterString locale="#RM"/>
                     </gmd:textGroup>
                  </gmd:PT_FreeText>
               </gmd:keyword>
               <gmd:type>
                  <gmd:MD_KeywordTypeCode codeList="http://www.isotc211.org/2005/resources/codeList.xml#MD_KeywordTypeCode"
                                          codeListValue="_none_"/>
               </gmd:type>
               <gmd:thesaurusName>
                  <gmd:CI_Citation>
                     <gmd:title>
                        <gco:CharacterString>geocat.ch Thesaurus</gco:CharacterString>
                     </gmd:title>
                     <gmd:date>
                        <gmd:CI_Date>
                           <gmd:date>
                              <gco:Date>2015-12-16</gco:Date>
                           </gmd:date>
                           <gmd:dateType>
                              <gmd:CI_DateTypeCode codeList="http://standards.iso.org/ittf/PubliclyAvailableStandards/ISO_19139_Schemas/resources/Codelist/ML_gmxCodelists.xml#CI_DateTypeCode"
                                                   codeListValue="publication"/>
                           </gmd:dateType>
                        </gmd:CI_Date>
                     </gmd:date>
                     <gmd:identifier>
                        <gmd:MD_Identifier>
                           <gmd:code>
                              <gmx:Anchor xmlns:gmx="http://www.isotc211.org/2005/gmx">geonetwork.thesaurus.local._none_.geocat.ch</gmx:Anchor>
                           </gmd:code>
                        </gmd:MD_Identifier>
                     </gmd:identifier>
                  </gmd:CI_Citation>
               </gmd:thesaurusName>
            </gmd:MD_Keywords>
         </gmd:descriptiveKeywords>
         <gmd:descriptiveKeywords xmlns:xlink="http://www.w3.org/1999/xlink">
            <gmd:MD_Keywords>
               <gmd:keyword xsi:type="gmd:PT_FreeText_PropertyType">
                  <gco:CharacterString>Höhe</gco:CharacterString>
                  <gmd:PT_FreeText>
                     <gmd:textGroup>
                        <gmd:LocalisedCharacterString locale="#EN">Elevation</gmd:LocalisedCharacterString>
                     </gmd:textGroup>
                     <gmd:textGroup>
                        <gmd:LocalisedCharacterString locale="#DE">Höhe</gmd:LocalisedCharacterString>
                     </gmd:textGroup>
                     <gmd:textGroup>
                        <gmd:LocalisedCharacterString locale="#IT">Elevazione</gmd:LocalisedCharacterString>
                     </gmd:textGroup>
                     <gmd:textGroup>
                        <gmd:LocalisedCharacterString locale="#FR">Altitude</gmd:LocalisedCharacterString>
                     </gmd:textGroup>
                     <gmd:textGroup>
                        <gmd:LocalisedCharacterString locale="#RM"/>
                     </gmd:textGroup>
                  </gmd:PT_FreeText>
               </gmd:keyword>
               <gmd:type>
                  <gmd:MD_KeywordTypeCode codeList="http://www.isotc211.org/2005/resources/codeList.xml#MD_KeywordTypeCode"
                                          codeListValue="theme"/>
               </gmd:type>
               <gmd:thesaurusName>
                  <gmd:CI_Citation>
                     <gmd:title>
                        <gco:CharacterString>GEMET - INSPIRE themes, version 1.0</gco:CharacterString>
                     </gmd:title>
                     <gmd:date>
                        <gmd:CI_Date>
                           <gmd:date>
                              <gco:Date>2008-06-01</gco:Date>
                           </gmd:date>
                           <gmd:dateType>
                              <gmd:CI_DateTypeCode codeList="http://standards.iso.org/ittf/PubliclyAvailableStandards/ISO_19139_Schemas/resources/Codelist/ML_gmxCodelists.xml#CI_DateTypeCode"
                                                   codeListValue="publication"/>
                           </gmd:dateType>
                        </gmd:CI_Date>
                     </gmd:date>
                     <gmd:identifier>
                        <gmd:MD_Identifier>
                           <gmd:code>
                              <gmx:Anchor xmlns:gmx="http://www.isotc211.org/2005/gmx">geonetwork.thesaurus.external.theme.inspire-theme</gmx:Anchor>
                           </gmd:code>
                        </gmd:MD_Identifier>
                     </gmd:identifier>
                  </gmd:CI_Citation>
               </gmd:thesaurusName>
            </gmd:MD_Keywords>
         </gmd:descriptiveKeywords>
         <gmd:descriptiveKeywords xmlns:xlink="http://www.w3.org/1999/xlink">
            <gmd:MD_Keywords>
               <gmd:keyword xsi:type="gmd:PT_FreeText_PropertyType">
                  <gco:CharacterString>Relief</gco:CharacterString>
                  <gmd:PT_FreeText>
                     <gmd:textGroup>
                        <gmd:LocalisedCharacterString locale="#EN">relief (land)</gmd:LocalisedCharacterString>
                     </gmd:textGroup>
                     <gmd:textGroup>
                        <gmd:LocalisedCharacterString locale="#DE">Relief</gmd:LocalisedCharacterString>
                     </gmd:textGroup>
                     <gmd:textGroup>
                        <gmd:LocalisedCharacterString locale="#IT">rilievo</gmd:LocalisedCharacterString>
                     </gmd:textGroup>
                     <gmd:textGroup>
                        <gmd:LocalisedCharacterString locale="#FR">relief</gmd:LocalisedCharacterString>
                     </gmd:textGroup>
                     <gmd:textGroup>
                        <gmd:LocalisedCharacterString locale="#RM"/>
                     </gmd:textGroup>
                  </gmd:PT_FreeText>
               </gmd:keyword>
               <gmd:type>
                  <gmd:MD_KeywordTypeCode codeList="http://www.isotc211.org/2005/resources/codeList.xml#MD_KeywordTypeCode"
                                          codeListValue="_none_"/>
               </gmd:type>
               <gmd:thesaurusName>
                  <gmd:CI_Citation>
                     <gmd:title>
                        <gco:CharacterString>GEMET concepts</gco:CharacterString>
                     </gmd:title>
                     <gmd:date>
                        <gmd:CI_Date>
                           <gmd:date>
                              <gco:Date>2015-11-16</gco:Date>
                           </gmd:date>
                           <gmd:dateType>
                              <gmd:CI_DateTypeCode codeList="http://standards.iso.org/ittf/PubliclyAvailableStandards/ISO_19139_Schemas/resources/Codelist/ML_gmxCodelists.xml#CI_DateTypeCode"
                                                   codeListValue="publication"/>
                           </gmd:dateType>
                        </gmd:CI_Date>
                     </gmd:date>
                     <gmd:identifier>
                        <gmd:MD_Identifier>
                           <gmd:code>
                              <gmx:Anchor xmlns:gmx="http://www.isotc211.org/2005/gmx">geonetwork.thesaurus.external._none_.gemet</gmx:Anchor>
                           </gmd:code>
                        </gmd:MD_Identifier>
                     </gmd:identifier>
                  </gmd:CI_Citation>
               </gmd:thesaurusName>
            </gmd:MD_Keywords>
         </gmd:descriptiveKeywords>
         <gmd:resourceConstraints>
            <gmd:MD_LegalConstraints>
               <gmd:useConstraints>
                  <gmd:MD_RestrictionCode codeList="http://standards.iso.org/ittf/PubliclyAvailableStandards/ISO_19139_Schemas/resources/codelist/ML_gmxCodelists.xml#MD_RestrictionCode"
                                          codeListValue="license"/>
               </gmd:useConstraints>
            </gmd:MD_LegalConstraints>
         </gmd:resourceConstraints>
         <gmd:spatialRepresentationType>
            <gmd:MD_SpatialRepresentationTypeCode codeList="http://standards.iso.org/ittf/PubliclyAvailableStandards/ISO_19139_Schemas/resources/codelist/ML_gmxCodelists.xml#MD_SpatialRepresentationTypeCode"
                                                  codeListValue="grid"/>
         </gmd:spatialRepresentationType>
         <gmd:spatialResolution>
            <gmd:MD_Resolution>
               <gmd:distance>
                  <gco:Distance uom="m">200</gco:Distance>
               </gmd:distance>
            </gmd:MD_Resolution>
         </gmd:spatialResolution>
         <gmd:language>
            <gco:CharacterString>ger</gco:CharacterString>
         </gmd:language>
         <gmd:characterSet>
            <gmd:MD_CharacterSetCode codeList="http://standards.iso.org/ittf/PubliclyAvailableStandards/ISO_19139_Schemas/resources/codelist/ML_gmxCodelists.xml#MD_CharacterSetCode"
                                     codeListValue="utf8"/>
         </gmd:characterSet>
         <gmd:topicCategory>
            <gmd:MD_TopicCategoryCode>elevation</gmd:MD_TopicCategoryCode>
         </gmd:topicCategory>
         <gmd:extent xmlns:xlink="http://www.w3.org/1999/xlink">
            <gmd:EX_Extent>
               <gmd:description xsi:type="gmd:PT_FreeText_PropertyType">
                  <gco:CharacterString>DHM25</gco:CharacterString>
                  <gmd:PT_FreeText>
                     <gmd:textGroup>
                        <gmd:LocalisedCharacterString locale="#DE">DHM25</gmd:LocalisedCharacterString>
                     </gmd:textGroup>
                     <gmd:textGroup>
                        <gmd:LocalisedCharacterString locale="#FR">MNT25</gmd:LocalisedCharacterString>
                     </gmd:textGroup>
                     <gmd:textGroup>
                        <gmd:LocalisedCharacterString locale="#IT">MDT25</gmd:LocalisedCharacterString>
                     </gmd:textGroup>
                     <gmd:textGroup>
                        <gmd:LocalisedCharacterString locale="#EN">DHM25</gmd:LocalisedCharacterString>
                     </gmd:textGroup>
                  </gmd:PT_FreeText>
               </gmd:description>
               <gmd:geographicElement>
                  <gmd:EX_GeographicDescription>
                     <gmd:geographicIdentifier>
                        <gmd:MD_Identifier>
                           <gmd:code xsi:type="gmd:PT_FreeText_PropertyType">
                              <gco:CharacterString>DHM25</gco:CharacterString>
                              <gmd:PT_FreeText>
                                 <gmd:textGroup>
                                    <gmd:LocalisedCharacterString locale="#DE">DHM25</gmd:LocalisedCharacterString>
                                 </gmd:textGroup>
                                 <gmd:textGroup>
                                    <gmd:LocalisedCharacterString locale="#FR">MNT25</gmd:LocalisedCharacterString>
                                 </gmd:textGroup>
                                 <gmd:textGroup>
                                    <gmd:LocalisedCharacterString locale="#IT">MDT25</gmd:LocalisedCharacterString>
                                 </gmd:textGroup>
                                 <gmd:textGroup>
                                    <gmd:LocalisedCharacterString locale="#EN">DHM25</gmd:LocalisedCharacterString>
                                 </gmd:textGroup>
                                 <gmd:textGroup>
                                    <gmd:LocalisedCharacterString locale="#RM">null</gmd:LocalisedCharacterString>
                                 </gmd:textGroup>
                              </gmd:PT_FreeText>
                           </gmd:code>
                        </gmd:MD_Identifier>
                     </gmd:geographicIdentifier>
                  </gmd:EX_GeographicDescription>
               </gmd:geographicElement>
               <gmd:geographicElement>
                  <gmd:EX_BoundingPolygon>
                     <gmd:extentTypeCode>
                        <gco:Boolean>1</gco:Boolean>
                     </gmd:extentTypeCode>
                     <gmd:polygon>
                        <gml:MultiSurface gml:id="N29e61085d8d24181962355862f359f2b">
                           <gml:surfaceMember>
                              <gml:Polygon gml:id="N29e61085d8d24181962355862f359f2b.1">
                                 <gml:exterior>
                                    <gml:LinearRing>
                                       <gml:posList>9.744 46.334 9.74 46.226 9.513 46.23 9.516 46.302 9.288 46.306 9.279 46.019 9.053 46.022 9.05 45.932 9.076 45.932 9.075 45.914 9.275 45.911 9.272 45.803 8.821 45.809 8.824 45.917 8.599 45.92 8.603 46.135 8.377 46.138 8.379 46.246 8.171 46.247 8.17 46.139 8.15 46.139 8.148 45.923 7.89 45.925 7.89 45.911 7.709 45.912 7.709 45.925 7.471 45.926 7.471 45.818 7.021 45.817 7.02 45.925 6.794 45.924 6.792 46.14 5.976 46.132 5.977 46.123 5.951 46.123 5.951 46.132 5.886 46.131 5.867 46.778 6.325 46.784 6.316 47.215 6.779 47.219 6.773 47.651 8.171 47.65 8.174 47.866 9.576 47.849 9.568 47.633 10.033 47.624 10.012 47.192 10.474 47.181 10.461 46.965 10.921 46.952 10.893 46.521 10.46 46.533 10.46 46.529 10.44 46.529 10.441 46.534 10.209 46.54 10.193 46.216 10.096 46.218 10.095 46.205 10.043 46.206 10.044 46.219 9.966 46.221 9.971 46.329 9.744 46.334</gml:posList>
                                    </gml:LinearRing>
                                 </gml:exterior>
                              </gml:Polygon>
                           </gml:surfaceMember>
                        </gml:MultiSurface>
                     </gmd:polygon>
                  </gmd:EX_BoundingPolygon>
               </gmd:geographicElement>
               <gmd:geographicElement>
                  <gmd:EX_GeographicBoundingBox>
                     <gmd:extentTypeCode>
                        <gco:Boolean>1</gco:Boolean>
                     </gmd:extentTypeCode>
                     <!--native coords: 479999.0,73999.0,864999.0,301999.0--><gmd:westBoundLongitude>
                        <gco:Decimal>5.867</gco:Decimal>
                     </gmd:westBoundLongitude>
                     <gmd:eastBoundLongitude>
                        <gco:Decimal>10.921</gco:Decimal>
                     </gmd:eastBoundLongitude>
                     <gmd:southBoundLatitude>
                        <gco:Decimal>45.803</gco:Decimal>
                     </gmd:southBoundLatitude>
                     <gmd:northBoundLatitude>
                        <gco:Decimal>47.866</gco:Decimal>
                     </gmd:northBoundLatitude>
                  </gmd:EX_GeographicBoundingBox>
               </gmd:geographicElement>
            </gmd:EX_Extent>
         </gmd:extent>
      </gmd:MD_DataIdentification>
  </gmd:identificationInfo>
   <gmd:contentInfo xmlns:comp="http://www.geocat.ch/2003/05/gateway/GM03Comprehensive"
                    xmlns:xalan="http://xml.apache.org/xalan"
                    xmlns:gml="http://www.opengis.net/gml"/>
   <gmd:contentInfo xmlns:comp="http://www.geocat.ch/2003/05/gateway/GM03Comprehensive"
                    xmlns:xalan="http://xml.apache.org/xalan"
                    xmlns:gml="http://www.opengis.net/gml"/>
   <gmd:distributionInfo xmlns:comp="http://www.geocat.ch/2003/05/gateway/GM03Comprehensive"
                         xmlns:xalan="http://xml.apache.org/xalan"
                         xmlns:gml="http://www.opengis.net/gml">
      <gmd:MD_Distribution>
         <gmd:distributionFormat xmlns:xlink="http://www.w3.org/1999/xlink">
            <gmd:MD_Format>
               <gmd:name>
                  <gco:CharacterString>ESRI ArcInfo ASCII GRID</gco:CharacterString>
               </gmd:name>
               <gmd:version>
                  <gco:CharacterString>-</gco:CharacterString>
               </gmd:version>
            </gmd:MD_Format>
         </gmd:distributionFormat>
         <gmd:distributionFormat xmlns:xlink="http://www.w3.org/1999/xlink">
            <gmd:MD_Format>
               <gmd:name>
                  <gco:CharacterString>ASCII XYZ</gco:CharacterString>
               </gmd:name>
               <gmd:version>
                  <gco:CharacterString>-</gco:CharacterString>
               </gmd:version>
            </gmd:MD_Format>
         </gmd:distributionFormat>
         <gmd:distributionFormat xmlns:xlink="http://www.w3.org/1999/xlink">
            <gmd:MD_Format>
               <gmd:name>
                  <gco:CharacterString>DXF</gco:CharacterString>
               </gmd:name>
               <gmd:version>
                  <gco:CharacterString>14</gco:CharacterString>
               </gmd:version>
            </gmd:MD_Format>
         </gmd:distributionFormat>
         <gmd:transferOptions>
            <gmd:MD_DigitalTransferOptions>
               <gmd:onLine>
                  <gmd:CI_OnlineResource>
                     <gmd:linkage>
                        <gmd:URL>http://www.toposhop.admin.ch/de/shop/products/height/dhm25200_1</gmd:URL>
                     </gmd:linkage>
                     <gmd:name xsi:type="gmd:PT_FreeText_PropertyType">
                        <gco:CharacterString>toposhop</gco:CharacterString>
                        <gmd:PT_FreeText>
                           <gmd:textGroup>
                              <gmd:LocalisedCharacterString locale="#DE">toposhop</gmd:LocalisedCharacterString>
                           </gmd:textGroup>
                        </gmd:PT_FreeText>
                     </gmd:name>
                     <gmd:function>
                        <gmd:CI_OnLineFunctionCode codeList="http://standards.iso.org/ittf/PubliclyAvailableStandards/ISO_19139_Schemas/resources/codelist/ML_gmxCodelists.xml#CI_OnLineFunctionCode"
                                                   codeListValue="download"/>
                     </gmd:function>
                  </gmd:CI_OnlineResource>
               </gmd:onLine>
            </gmd:MD_DigitalTransferOptions>
         </gmd:transferOptions>
      </gmd:MD_Distribution>
  </gmd:distributionInfo>
   <gmd:dataQualityInfo xmlns:comp="http://www.geocat.ch/2003/05/gateway/GM03Comprehensive"
                        xmlns:xalan="http://xml.apache.org/xalan"
                        xmlns:gmi="http://www.isotc211.org/2005/gmi"
                        xmlns:gml="http://www.opengis.net/gml">
      <gmd:DQ_DataQuality>
         <gmd:scope>
            <gmd:DQ_Scope>
               <gmd:level>
                  <gmd:MD_ScopeCode codeList="http://standards.iso.org/ittf/PubliclyAvailableStandards/ISO_19139_Schemas/resources/codelist/ML_gmxCodelists.xml#MD_ScopeCode"
                                    codeListValue="dataset"/>
               </gmd:level>
            </gmd:DQ_Scope>
         </gmd:scope>
         <gmd:lineage>
            <gmd:LI_Lineage>
               <gmd:statement xsi:type="gmd:PT_FreeText_PropertyType">
                  <gco:CharacterString>Interpolation aus der Höheninformation der Landeskarte 1:25'000 abgeleitet, der Landeskarte 1:50'000 im erweiterten Perimeter.</gco:CharacterString>
                  <gmd:PT_FreeText>
                     <gmd:textGroup>
                        <gmd:LocalisedCharacterString locale="#DE">Interpolation aus der Höheninformation der Landeskarte 1:25'000 abgeleitet, der Landeskarte 1:50'000 im erweiterten Perimeter.</gmd:LocalisedCharacterString>
                     </gmd:textGroup>
                     <gmd:textGroup>
                        <gmd:LocalisedCharacterString locale="#FR">Interpolation basée sur les informations d'altitude de la Carte nationale 1:25'000 et de la Carte nationale 1:50'000 pour le périmètre élargi.</gmd:LocalisedCharacterString>
                     </gmd:textGroup>
                     <gmd:textGroup>
                        <gmd:LocalisedCharacterString locale="#EN">Interpolation based on the elevation information of the National map 1:25'000, of the National map 1:50'000 for the extended perimeter.</gmd:LocalisedCharacterString>
                     </gmd:textGroup>
                  </gmd:PT_FreeText>
               </gmd:statement>
            </gmd:LI_Lineage>
         </gmd:lineage>
      </gmd:DQ_DataQuality>
  </gmd:dataQualityInfo>
   <gmd:metadataMaintenance xmlns:comp="http://www.geocat.ch/2003/05/gateway/GM03Comprehensive"
                            xmlns:xalan="http://xml.apache.org/xalan"
                            xmlns:gml="http://www.opengis.net/gml"/>
</gmd:MD_Metadata>